ID,Keyword,Category
1,epoxy flooring contractor,Epoxy
2,garage epoxy installer,Epoxy
3,industrial epoxy flooring,Epoxy
4,commercial epoxy flooring,Epoxy
5,resin flooring contractor,Epoxy
6,polyaspartic flooring,Epoxy
7,polyurea floor coating,Epoxy
8,decorative epoxy floors,Epoxy
9,metallic epoxy flooring,Epoxy
10,flake epoxy flooring,Epoxy
11,concrete polishing contractor,Concrete
12,concrete grinding contractor,Concrete
13,concrete resurfacing contractor,Concrete
14,concrete repair contractor,Concrete
15,concrete sealing contractor,Concrete
16,decorative concrete contractor,Concrete
17,concrete staining contractor,Concrete
18,concrete finishing contractor,Concrete
19,shot blasting contractor,SurfacePrep
20,floor grinding contractor,SurfacePrep
21,hardwood floor installation,Flooring
22,hardwood floor refinishing,Flooring
23,hardwood floor repair,Flooring
24,engineered hardwood flooring,Flooring
25,bamboo flooring installer,Flooring
26,laminate flooring installer,Flooring
27,vinyl plank flooring installer,Flooring
28,luxury vinyl tile installer,Flooring
29,LVP flooring contractor,Flooring
30,tile flooring contractor,Flooring
31,ceramic tile installer,Flooring
32,porcelain tile installer,Flooring
33,bathroom tile contractor,Flooring
34,kitchen tile installer,Flooring
35,natural stone flooring,Flooring
36,marble flooring installer,Flooring
37,slate tile installer,Flooring
38,travertine tile contractor,Flooring
39,carpet installation company,Flooring
40,carpet replacement contractor,Flooring
41,carpet cleaning company,Flooring
42,area rug installation,Flooring
43,cork flooring installer,Flooring
44,linoleum flooring contractor,Flooring
45,rubber flooring installer,Flooring
46,gymnasium flooring contractor,Flooring
47,sports flooring installer,Flooring
48,dance floor installer,Flooring
49,warehouse flooring contractor,Flooring
50,commercial flooring contractor,Flooring
51,roofing contractor,Roofing
52,roof replacement company,Roofing
53,residential roofing contractor,Roofing
54,commercial roofing contractor,Roofing
55,metal roofing contractor,Roofing
56,shingle roofing company,Roofing
57,flat roof contractor,Roofing
58,TPO roofing contractor,Roofing
59,EPDM roofing contractor,Roofing
60,roof repair company,Roofing
61,general contractor,Construction
62,residential general contractor,Construction
63,commercial construction company,Construction
64,home remodeling contractor,Construction
65,kitchen remodeling contractor,Construction
66,bathroom remodeling contractor,Construction
67,home addition contractor,Construction
68,custom home builder,Construction
69,room addition contractor,Construction
70,basement finishing contractor,Construction
71,plumbing contractor,Plumbing
72,residential plumber,Plumbing
73,commercial plumber,Plumbing
74,emergency plumber,Plumbing
75,drain cleaning company,Plumbing
76,water heater installation,Plumbing
77,pipe repair contractor,Plumbing
78,HVAC contractor,HVAC
79,air conditioning contractor,HVAC
80,heating contractor,HVAC
81,furnace installation company,HVAC
82,AC repair company,HVAC
83,ductwork contractor,HVAC
84,electrical contractor,Electrical
85,residential electrician,Electrical
86,commercial electrician,Electrical
87,licensed electrician,Electrical
88,electrical panel upgrade,Electrical
89,EV charger installation,Electrical
90,solar panel installer,Solar
91,solar energy contractor,Solar
92,residential solar company,Solar
93,commercial solar installer,Solar
94,painting contractor,Painting
95,interior painting contractor,Painting
96,exterior painting contractor,Painting
97,commercial painting company,Painting
98,house painter,Painting
99,cabinet painting contractor,Painting
100,drywall contractor,Drywall
101,drywall repair company,Drywall
102,insulation contractor,Insulation
103,spray foam insulation,Insulation
104,siding contractor,Exterior
105,vinyl siding installer,Exterior
106,fiber cement siding contractor,Exterior
107,window replacement contractor,Windows
108,window installation company,Windows
109,door installation contractor,Doors
110,garage door installer,Doors
111,landscaping company,Landscaping
112,lawn care service,Landscaping
113,tree service company,Landscaping
114,hardscaping contractor,Landscaping
115,patio installation contractor,Landscaping
116,deck builder,Landscaping
117,fence contractor,Fencing
118,wood fence installer,Fencing
119,chain link fence contractor,Fencing
120,vinyl fence installer,Fencing
121,pool contractor,Pool
122,swimming pool builder,Pool
123,pool repair company,Pool
124,pool resurfacing contractor,Pool
125,cabinet installation contractor,Cabinets
126,kitchen cabinet installer,Cabinets
127,custom cabinet maker,Cabinets
128,countertop installer,Countertops
129,granite countertop contractor,Countertops
130,quartz countertop installer,Countertops
131,masonry contractor,Masonry
132,brick contractor,Masonry
133,stone contractor,Masonry
134,chimney repair contractor,Masonry
135,paving contractor,Paving
136,asphalt paving company,Paving
137,driveway paving contractor,Paving
138,parking lot contractor,Paving
139,pressure washing company,Cleaning
140,power washing service,Cleaning
141,auto repair shop,Automotive
142,car dealership service center,Automotive
143,auto body shop,Automotive
144,truck repair shop,Automotive
145,fleet maintenance company,Automotive
146,tire shop,Automotive
147,manufacturing facility contractor,Industrial
148,warehouse contractor,Industrial
149,distribution center contractor,Industrial
150,industrial maintenance contractor,Industrial
151,industrial flooring installer,Industrial
152,mold remediation contractor,Remediation
153,water damage restoration,Remediation
154,fire damage restoration,Remediation
155,asbestos removal company,Remediation
156,junk removal service,Services
157,moving company local,Services
158,cleaning service commercial,Services
159,janitorial service company,Services
